{
    "resolution_study": {
        "32": {
            "train_losses": [
                0.018789859124808572,
                0.005591213463048916,
                0.0028105515957577154,
                0.0017833982274169102,
                0.0014999945415183902,
                0.0013996515881444793,
                0.001356296332232887,
                0.0012977928890904877,
                0.0012745887743221829,
                0.0012505433915066533
            ],
            "val_losses": [
                0.009911672299494967,
                0.00457929031108506,
                0.0023636408150196075,
                0.001599741844984237,
                0.001548635231301887,
                0.0014639120199717581,
                0.0014741506856807973,
                0.0013081661563774105,
                0.0013058239201200195,
                0.0013613271694339346
            ],
            "pck": {
                "0.1": 0.03960000059008598
            }
        },
        "64": {
            "train_losses": [
                0.014726740766491275,
                0.0029533160777646117,
                0.0026742072732304223,
                0.0025023120469995774,
                0.0023115752264857292,
                0.0021030136558692902,
                0.0018919995745818596,
                0.0016372251702705398,
                0.0012912027013953775,
                0.0010122847961611114
            ],
            "val_losses": [
                0.0033372650723322295,
                0.002763147305813618,
                0.0025917726306943223,
                0.002422338140604552,
                0.002231515507446602,
                0.0020392490332596935,
                0.0018395808619970921,
                0.001717867959087016,
                0.001371818008919945,
                0.0009367392140120501
            ],
            "pck": {
                "0.1": 0.03620000053942204
            }
        },
        "128": {
            "train_losses": [
                0.012892925908090547,
                0.001041340377923916,
                0.0008209459829231491,
                0.0007545286407548701,
                0.0007132866739993915,
                0.0006814169191784458,
                0.000654426468827296,
                0.0006301766989054158,
                0.0006073828317312291,
                0.0005861534973519156
            ],
            "val_losses": [
                0.0013246875023469329,
                0.0008668282735015964,
                0.0007824216390872607,
                0.0007324192938540364,
                0.0006972348255658289,
                0.0006672362360404804,
                0.0006416391588572878,
                0.0006183981040521758,
                0.0005967643337498885,
                0.0005754479425377212
            ],
            "pck": {
                "0.1": 0.036000000536441805
            }
        }
    },
    "sigma_study": {
        "1.0": {
            "train_losses": [
                0.021362454081099713,
                0.0013585082124336623,
                0.0010106144200108247,
                0.000909746986508253,
                0.0008479531170451082,
                0.0008030093886191025,
                0.0007686122717132093,
                0.0007405845117318677,
                0.0007171863344410667,
                0.0006961625622352585
            ],
            "val_losses": [
                0.0016975661892502103,
                0.001085898395103868,
                0.0009545811280986527,
                0.0008775675978540676,
                0.00082529472092574,
                0.0007862853672122583,
                0.0007552304887212813,
                0.0007295074556168402,
                0.0007073515316733392,
                0.0006880477212689584
            ],
            "pck": {
                "0.1": 0.036000000536441805
            }
        },
        "2.0": {
            "train_losses": [
                0.017196851680637337,
                0.0030088885396253318,
                0.0026915332637145184,
                0.0025198844232363626,
                0.0023539464091300033,
                0.0021591906988760456,
                0.001921797691466054,
                0.0016619132948108017,
                0.0013984876459289808,
                0.0011495930339151528
            ],
            "val_losses": [
                0.0035548123996704817,
                0.002786668854241725,
                0.002603127431939356,
                0.002445977705065161,
                0.0022973649320192635,
                0.0021422253921628,
                0.0019476104935165495,
                0.0016239689612120856,
                0.0013858009115210734,
                0.0011076845112256706
            ],
            "pck": {
                "0.1": 0.03620000053942204
            }
        },
        "3.0": {
            "train_losses": [
                0.01990249774826225,
                0.005617167757009156,
                0.00499031123763416,
                0.004268122967914678,
                0.0033283284938079305,
                0.0022291159148153383,
                0.0016364076036552433,
                0.0013624560160678811,
                0.0011759530716517475,
                0.0010976001467497554
            ],
            "val_losses": [
                0.006477622446254827,
                0.0052666026604129,
                0.004788891150383279,
                0.004233901097904891,
                0.0030904334780643694,
                0.0019499164773151278,
                0.0017102383826568257,
                0.0013531419608625583,
                0.0011644367514236365,
                0.0010859474659810076
            ],
            "pck": {
                "0.1": 0.03620000053942204
            }
        },
        "4.0": {
            "train_losses": [
                0.04389169899513945,
                0.009004170715343207,
                0.007657733294763602,
                0.006305742237600498,
                0.004110417838091962,
                0.002368309968005633,
                0.0018264994287164882,
                0.0016633214909234084,
                0.0015236369436024688,
                0.0014365820970851928
            ],
            "val_losses": [
                0.011287391389487311,
                0.008260915521532297,
                0.007269575071404688,
                0.006231109204236418,
                0.0040723696001805365,
                0.0020387712684168946,
                0.0018567085899121594,
                0.0016533830857952125,
                0.0014862626849208027,
                0.0015776806976646185
            ],
            "pck": {
                "0.1": 0.03840000057220459
            }
        }
    }
}