{
    "heatmap_pck": {
        "0.05": 0.011000000163912773,
        "0.1": 0.029000000432133674,
        "0.15": 0.08600000128149986,
        "0.2": 0.1340000019967556
    },
    "regression_pck": {
        "0.05": 0.06900000140070915,
        "0.1": 0.23000000476837157,
        "0.15": 0.38200000666081907,
        "0.2": 0.5160000072419644
    }
}