{"heatmap": {"train_losses": [0.020936102715495508, 0.0030736584740225226, 0.0027130393718834966, 0.0025748818952706642, 0.0024636403322801925, 0.0023597366525791585, 0.0022468191527877934, 0.002115775234415196, 0.0019517481487127952, 0.0017405222497473005, 0.0014554529152519535, 0.0011683293596433941, 0.0009643682151363464, 0.0008363421275134897, 0.0007526205699832644, 0.0006998035569267813, 0.0006563108545378782, 0.0006263857721933164, 0.0006060453488316853, 0.0005881334691366646, 0.0005713667060263106, 0.0005695040781574789, 0.0005481992157001514, 0.0005449567952382495, 0.0005345083109205007, 0.0005315655580488965, 0.000520756104378961, 0.000524313037203683, 0.0005127343038111576, 0.0005103905323267099], "val_losses": [0.003595884856102722, 0.0027993096238268273, 0.002640815218910575, 0.0025361422449350357, 0.0024500796238758732, 0.0023152226848261698, 0.0022543970428939375, 0.002201514019231711, 0.0019391530326434544, 0.0017843590883005942, 0.0014333012513816357, 0.0010956109534682973, 0.0011373005108907819, 0.0008355730013655764, 0.0007986223208718002, 0.0007693705265410244, 0.0006738615006075374, 0.0006568193868068713, 0.0006444971243451748, 0.0006005905036415372, 0.0006084398981848997, 0.0005963843099639884, 0.0005972056200594775, 0.0005686993161881608, 0.000587682389388127, 0.000558329455088824, 0.0005787002903941486, 0.0005645612836815417, 0.0005852928983845881, 0.0005430715973488986]}, "regression": {"train_losses": [0.02542935381643474, 0.017984748352319002, 0.016247538529569283, 0.015433149616001174, 0.014403725654119626, 0.013367449078941718, 0.01202105387346819, 0.01109756639925763, 0.010580427071545273, 0.010650944983353838, 0.010070364543935284, 0.010270855767885223, 0.009832657044171356, 0.009696615888969973, 0.009668489365139976, 0.009704169089673087, 0.009437982545932755, 0.009501890643150546, 0.009309597269748338, 0.009227133399690501, 0.009309527755249292, 0.009079758398002014, 0.00899580014811363, 0.009206300092046149, 0.009478123436565511, 0.00914996188657824, 0.009024724859045818, 0.00901522405911237, 0.008919620478991419, 0.008886399678885937], "val_losses": [0.020936726991619383, 0.015342144295573235, 0.015456246877355235, 0.018982385152152607, 0.012609873632235187, 0.011607574432023935, 0.01095779798924923, 0.009144765324890614, 0.01441917781318937, 0.009665682246642453, 0.01415918581187725, 0.009025021190089839, 0.008698297132338797, 0.008588793754045452, 0.008549624455294438, 0.008482881422553743, 0.00857951186065163, 0.008468991411583764, 0.00874423754534551, 0.008623290407870497, 0.008550576599580901, 0.008495318437261241, 0.00943417421409062, 0.008400589693337679, 0.008649708703160286, 0.008958021045795508, 0.008334749710879155, 0.00863142338182245, 0.008398581695343767, 0.008246920869818755]}}